task,category
Go to gym in the morning before office starts,STR
Hit the gym after office work today,STR
gym session 1 hr today,STR
Do chest day at gym,STR
Leg day at the gym no skipping this time,STR
Back and biceps workout today,STR
Shoulder day gym session evening,STR
Complete full body workout at gym,STR
gym leg press 4 sets,STR
Finish arms workout in gym and then go home directly,STR
Bench press 60 kg try,STR
Do deadlift 3 sets heavy,STR
Increase deadlift weight this wk,STR
Squat with barbell 5 sets,STR
Dumbbell rows 12 reps each side with proper form this time,STR
Shoulder press with dumbbells today,STR
Lat pulldown machine 4 sets,STR
Bicep curls 15 reps three sets,STR
Tricep dips at gym 3 sets,STR
Try 70 kg bench press this week and not skip it,STR
50 pushups before bath,STR
Do 100 pushups today total,STR
Pull ups on the bar 10 reps,STR
Try 5 clean pull ups,STR
Do 3 sets of squats at home in the morning itself,STR
Plank hold 2 min straight,STR
Plank challenge day 4 today,STR
50 burpees in one go,STR
Do lunges both legs 20 reps,STR
Crunches 3 sets before sleep and do not skip it today,STR
Home workout no gym today,STR
Morning workout before office start,STR
Do workout at home 30 min,STR
Bodyweight workout in the room,STR
Follow youtube workout video 20 min in the room after office,STR
Do HIIT workout 15 min at home,STR
Start 30 day workout challenge,STR
Complete day 10 of workout challenge,STR
Do core workout for abs,STR
Abs workout 10 min after the run in morning,STR
Morning run in the park,STR
Go for a run today,STR
Run 5 km today,STR
Run 3 km without stoping,STR
Jogging in society ground with neighbour uncle every day this week,STR
Do 20 min jog morning,STR
Treadmill run 30 min today,STR
Run on treadmill 5 km,STR
Sprints on the ground 10 rounds,STR
Do sprint training evening,STR
Start training for half marathon,STR
10k run practice on sunday,STR
Beat my 5k timing today,STR
Run stairs of the building,STR
Night run after dinner light,STR
Run with friend in morning,STR
Increase running distance to 7 km,STR
Do interval running today morning,STR
Run barefoot on grass 15 min,STR
Sunday long run 12 km and take proper rest after that,STR
Cycle to office today,STR
Cycling 20 km on weekend,STR
Go cycling in the morning,STR
Cycle ride to the lake,STR
Uphill cycling practice today on the road going to the temple,STR
Ride cycle for 1 hr,STR
Take cycle instead of bike,STR
Cycling with friends early morning before the traffic starts on road,STR
Do spin class at gym,STR
Stationary bike 30 min cardio,STR
Swimming 20 laps in pool,STR
Go swimming in the evening,STR
Swim for 45 min today,STR
Practice freestyle swimming 10 laps,STR
Morning walk daily 30 min without fail for this whole month,STR
Walk 10000 steps today,STR
Complete step goal before night,STR
Long walk after dinner daily,STR
Walk to market and back,STR
Take stairs not lift in office for whole week,STR
Brisk walk in the ground,STR
Walk 5 km in evening,STR
Trekking on sunday morning,STR
Go for trek with friends,STR
Hike up the hill early morning before it gets too hot,STR
Climb the fort steps trek,STR
Weekend trek with the grup,STR
Walk around the lake twice,STR
Evening walk with mom daily,STR
Do 15000 steps challenge today even if have to walk at night,STR
Play cricket in the ground,STR
Cricket match on sunday morning,STR
Play football with office team,STR
Football match evening 1 hr,STR
Play badminton for 1 hr in the evening with the neighbour,STR
Badminton with friends after office,STR
Play basketball in the evening,STR
Volleyball match at the society,STR
Play kho kho with kids,STR
Play in the office sports day match and give full effort,STR
Skipping rope 500 counts,STR
Do skipping 10 min daily,STR
Jumping jacks 100 reps today,STR
Do 200 jumping jacks morning,STR
Kettlebell swings 4 sets today and then finish with core work,STR
Mountain climbers 3 sets fast,STR
High knees 2 min cardio,STR
Do cardio 30 min today,STR
Cardio session before weights gym,STR
Stair climbing 10 floors practice in the office building daily,STR
Mop the whole house today,STR
Clean the terrace with water,STR
Wash the car in morning,STR
Wash bike properly this weekend,STR
Carry water cans to third floor for mummy she cannot lift,STR
Shift the almirah to other room,STR
Move furniture for cleaning today,STR
Lift the boxes to store room,STR
Carry grocery bags up the stairs,STR
Wash clothes by hand today because machine is not working,STR
Clean the whole house deep cleaning on sunday it will take hours,STR
Scrub the bathroom floor propely,STR
Dust and shift all the shelves,STR
Shift boxes to new flat,STR
Help friend in house shifting heavy items whole day,STR
Carry the luggage up to fourth floor,STR
Digging in the garden for plants,STR
Cut the grass in the garden,STR
Water all plants with heavy bucket,STR
Clean the water tank on terrace,STR
Paint the room wall myself,STR
Fix the roof leakage climbing up,STR
Shift the sofa for floor cleaning,STR
Carry cement bags for repair work,STR
Clean the parking area sweeping,STR
Sweep the whole floor twice,STR
Wash all the bedsheets by hand,STR
Rearrange the full room furniture,STR
Take out old stuff from loft,STR
Load the bags in the car for the trip tomorrow morning,STR
Do 4 gym days this week,STR
Not skip gym for whole week,STR
Go gym early 6 am,STR
Gym at 6 am daily this week no excuse this time,STR
Push harder in todays leg workout,STR
Add 5 kg to squat weight,STR
Do double gym session today,STR
Finish pending gym session evening,STR
Workout even if tired today,STR
Do 45 min strength training and no cardio on this day,STR
Chest press 4 sets at gym,STR
Incline bench press today workout,STR
Do pull day at the gym,STR
Push day workout in evening,STR
Do 3 sets hammer curls,STR
Leg extension and curls today,STR
Do calf raises 4 sets,STR
Hip thrust practice at gym,STR
Try weighted pull ups today,STR
Do 5 sets of overhead press with the bar not dumbbells,STR
Warm up before heavy lifting session,STR
Do 10 min warmup then run,STR
Push the bike till petrol pump,STR
Push the car when it stopped,STR
Climb 8 floors without lift today and count the time taken,STR
Climb stairs to the temple hill,STR
Do wall sit for 2 min,STR
Hold plank for 3 min today,STR
Do 20 pushups every hour today,STR
Pushups and squats between coding breaks the whole working day,STR
Cross trainer 20 min at gym,STR
Elliptical machine 25 min cardio,STR
Treadmill incline walk 20 min,STR
Do circuit training at gym today,STR
Finish the full circuit 3 rounds without taking a long break,STR
Do 100 squats in the morning,STR
Squat challenge day 3 today,STR
Do 50 sit ups dialy,STR
Sit ups 3 sets of 25,STR
Russian twist 3 sets today,STR
Play cricket practice net session,STR
Bowl 10 overs in the practice match today it will be tiring,STR
Play full 20 over cricket match,STR
Play football match full 90 min,STR
Play throwball in the society event on saturday evening with team,STR
Swim race with cousin in pool,STR
Play tennis for one hour,STR
Play squash in the evening club,STR
Go for morning football with team,STR
Play gully cricket with the boys in the lane after school time,STR
Walk to office instead of cab,STR
Get down one stop and walk,STR
Walk 8 km on weekend morning,STR
Do a 2 hour long walk,STR
Walk on the beach 4 km early morning when it is empty,STR
Evening walk 45 min without phone,STR
Walk the dog for 30 min,STR
Take the dog for long walk,STR
Complete 12000 steps before evening,STR
Beat yesterday step count today by walking after every meeting,STR
Do leg day even if sore,STR
Train legs twice this week,STR
Do back workout with deadlifts,STR
Finish 5 sets of rows,STR
Do cable rows at the gym and focus on the back,STR
Chest fly 3 sets today,STR
Do shrugs with heavy dumbbells,STR
Forearm workout after gym session,STR
Do grip strength work today,STR
Try one arm pushup practice at home for 10 min daily,STR
Shift all books to new shelf,STR
Carry the gas cylinder up stairs,STR
Change the water can in office,STR
Help dad in shifting the cupboard,STR
Clean the car inside and out with water and dry cloth,STR
Wash the balcony with water pipe,STR
Clean all fans standing on the ladder,STR
Shift the plant pots to terrace,STR
Carry the mattress to the terrace,STR
Beat the carpet and clean it on the terrace this sunday,STR
Start morning workout routine again,STR
Restart gym after 2 weeks break,STR
Do not skip workout tomorrow,STR
Workout 5 days this week target,STR
Complete weekly workout target today otherwise whole week goes waste,STR
Do evening workout at the park,STR
Park workout with pull up bar,STR
Use the open gym in park,STR
Outdoor workout in the society garden,STR
Do exercise for 40 min today even if getting late for office,STR
Push till failure on last set,STR
Do drop sets on chest today,STR
Try super set arms workout,STR
Do 6 sets of heavy squats,STR
Lift heavier than last week on every machine at the gym,STR
Add one more set everywhere today,STR
Do 12 rounds of the circuit,STR
Finish workout without long rest,STR
Reduce rest time between sets,STR
Do burnout set at the end of every workout from today,STR
Do 1 hour cardio session,STR
Run and cycle same day,STR
Do brick workout run after cycle,STR
Endurance run 90 min slow,STR
Practice for the office marathon happening next month at the park,STR
Train for 10k race next month,STR
Do hill walk with backpack,STR
Carry heavy backpack for trek practice,STR
Practice trek with loaded bag,STR
Do stamina building run today slow pace but longer distance,STR
Compelete todays gym session,STR
Do excercise in the morning,STR
Morning wourkout before the meeting,STR
Do 20 pushps before breakfast,STR
Runing 4 km today evening,STR
Swiming practice at club pool,STR
Cyling to the office today,STR
Streanth training 3 days week,STR
Gym sesion in the evening,STR
Do squts 100 today morning before going for the office work,STR
Do 3 km walk with dad,STR
Take the long route walking home,STR
Go to ground for exercise,STR
Do morning drill in the ground,STR
Join the running group sunday morning,STR
Do the 21 day fitness challenge,STR
Complete all reps without cheating today,STR
Do full body stretch and workout,STR
Practice handstand against the wall,STR
Do bear crawl across the room 5 times it is very tiring,STR
Wall push ups 3 sets today,STR
Do decline pushups 4 sets,STR
Diamond pushups 3 sets evening,STR
Do 15 chin ups today,STR
Hanging leg raises 3 sets,STR
Dead hang for 1 min,STR
Do monkey bars at the park,STR
Rope climb practice in ground,STR
Do step ups on the bench,STR
Box jumps 4 sets today on the bench outside the park,STR
Help in lifting the AC unit,STR
Move the fridge for cleaning behind,STR
Shift the washing machine to balcony,STR
Carry the cot to other room,STR
Unload the truck with the boxes,STR
Stack all the bricks near wall,STR
Dig the soil for new plants,STR
Break the old shelf and remove,STR
Carry the ladder to the terrace,STR
Push the heavy table to corner for making space in room,STR
Do 30 min wokrout before bath,STR
Finish gym before office time,STR
Do evening gym session today also,STR
Complete 3 workouts this weekend,STR
Do sprint intervals on the ground,STR
Run up and down the stairs,STR
Do 10 rounds of the ground,STR
Jog 4 rounds of the park,STR
Do warm up jog before match,STR
Play cricket whole afternoon in sun on sunday with the old team,STR
Study exam topics today,INT
Finish DSA revision for placement,INT
Solve 3 leetcode problems daily,INT
Read the ML paper on attention,INT
Complete week 2 of the course,INT
Debug the login crash issue,INT
Fix the failing unit test,INT
Learn how docker volumes work,INT
Watch the system design video,INT
Revise operating system notes,INT
Complete assignment before friday,INT
Study for semester exam,INT
Read documentation of fast api,INT
Understand how oauth flow works,INT
Finish the pending lab record,INT
Learn basics of kubernetes,INT
Go through last year question paper,INT
Practice aptitude questions for placement,INT
Study data structures chapter 4,INT
Complete the coursera assignment,INT
Learn git rebase properly,INT
Study network layer concepts,INT
Solve the dynamic programming set,INT
Read spring boot documentation,INT
Finish reading the research paper,INT
Understand transformer architecture properly,INT
Complete python automation tutorial,INT
Study database normalization rules,INT
Revise sql joins before interview,INT
Learn how redis caching works,INT
Read about microservices patterns,INT
Complete the android course module,INT
Study compiler design unit 3,INT
Debug the memory leak in service,INT
Learn terraform basics this week,INT
Read the kafka getting started guide,INT
Solve previous year gate questions,INT
Study probability and statistics,INT
Learn how to write good tests,INT
Read clean code chapter 5,INT
Understand big o notation properly,INT
Complete the react tutorial series,INT
Study graph algorithms today,INT
Revise java collections framework,INT
Read about event driven architecture,INT
Learn postgres query optimization,INT
Complete the aws certification module,INT
Study thermodynamics for exam,INT
Finish the physics numericals,INT
Read organic chemistry chapter,INT
Study accountancy for CA exam,INT
Revise income tax chapters,INT
Learn about GST filing rules,INT
Read the law casebook chapter,INT
Study anatomy for medical exam,INT
Revise pharmacology notes tonight,INT
Learn basics of financial modelling,INT
Complete the power bi course,INT
Learn tableau dashboard building,INT
Read about market research methods,INT
Study consumer behaviour chapter,INT
Complete economics assignment today,INT
Learn german grammar lesson 5,INT
Practice japanese kanji writing rules,INT
Study spanish verb conjugation,INT
Read the hindi literature chapter,INT
Prepare notes for history exam,INT
Study indian polity chapters,INT
Revise geography map work,INT
Read about mughal empire,INT
Study current affairs for exam,INT
Solve the reasoning question set,INT
Practice quantitative aptitude problems,INT
Study for the bank exam,INT
Prepare for the UPSC prelims,INT
Revise the ssc syllabus topics,INT
Read newspaper editorial for exam,INT
Study environmental science unit,INT
Complete the biology practical record,INT
Learn how photosynthesis actually works,INT
Study cell biology chapter 3,INT
Revise genetics notes before test,INT
Read about climate models,INT
Learn the periodic table trends,INT
Study chemical bonding concepts,INT
Solve the integration problems,INT
Practice differentiation questions today,INT
Study linear algebra matrices,INT
Learn eigenvalues and eigenvectors,INT
Revise calculus before the test,INT
Study discrete mathematics topics,INT
Learn set theory basics,INT
Practice permutation combination sums,INT
Study trigonometry identities today,INT
Learn about complex numbers,INT
Read the electrical machines chapter,INT
Study circuit analysis methods,INT
Learn about three phase motors,INT
Read the control systems notes,INT
Study signals and systems unit,INT
Learn about digital logic gates,INT
Read the microprocessor manual,INT
Study embedded systems basics,INT
Learn arduino programming today,INT
Read about IoT protocols,INT
Study sensor interfacing methods,INT
Learn how mqtt protocol works,INT
Read the raspberry pi guide,INT
Study computer vision basics,INT
Learn opencv image processing,INT
Read about object detection models,INT
Study natural language processing,INT
Learn about word embeddings,INT
Study reinforcement learning basics,INT
Learn about q learning algorithm,INT
Read the deep learning book chapter,INT
Study neural network backpropagation,INT
Learn pytorch tensor operations,INT
Read tensorflow documentation today,INT
Study model evaluation metrics,INT
Learn about cross validation,INT
Read about feature engineering,INT
Study data preprocessing techniques,INT
Learn pandas dataframe operations,INT
Read numpy array documentation,INT
Study matplotlib plotting basics,INT
Learn about hypothesis testing,INT
Read the statistics textbook chapter,INT
Study regression analysis methods,INT
Learn about time series forecasting,INT
Read about anomaly detection,INT
Study clustering algorithms today,INT
Read the recommender systems paper,INT
Study information retrieval basics,INT
Learn about search ranking,INT
Read the distributed systems paper,INT
Study consensus algorithms like raft,INT
Learn about CAP theorem,INT
Read about database sharding,INT
Study replication strategies today,INT
Learn about message queues,INT
Read the system design primer,INT
Study load balancing techniques,INT
Learn about caching strategies,INT
Read about rate limiting design,INT
Study api gateway patterns,INT
Learn about service mesh,INT
Read the grpc documentation,INT
Study rest api best practices,INT
Learn about graphql schemas,INT
Read about websocket protocol,INT
Learn about cors properly,INT
Read the security best practices,INT
Study owasp top ten,INT
Learn about sql injection prevention,INT
Read about jwt token security,INT
Study encryption basics today,INT
Learn about hashing algorithms,INT
Read the tls handshake explanation,INT
Study linux file permissions,INT
Learn bash scripting basics,INT
Read about systemd unit files,INT
Study process management in linux,INT
Learn about cgroups and namespaces,INT
Read the docker networking docs,INT
Study kubernetes pod lifecycle,INT
Learn helm chart basics,INT
Read about ci cd pipelines,INT
Study github actions workflows,INT
Read the ansible documentation,INT
Study monitoring and observability,INT
Learn prometheus query language,INT
Read about distributed tracing,INT
Study log aggregation methods,INT
Learn about error budgets,INT
Read the sre book chapter,INT
Study incident response process,INT
Learn about chaos engineering,INT
Read about performance profiling,INT
Study jvm garbage collection,INT
Learn about memory management,INT
Read the compiler optimization notes,INT
Study assembly language basics,INT
Learn about cpu cache behaviour,INT
Read about branch prediction,INT
Study concurrency and threading,INT
Learn about race conditions,INT
Read the async programming guide,INT
Learn about coroutines in kotlin,INT
Read the android lifecycle docs,INT
Study jetpack compose basics,INT
Learn about room database,INT
Read about dependency injection,INT
Study mvvm architecture pattern,INT
Learn about state management,INT
Read the swift language guide,INT
Study ios app architecture,INT
Learn about flutter widgets,INT
Read the react native docs,INT
Study web performance optimization,INT
Learn about lazy loading,INT
Read the browser rendering pipeline,INT
Study css grid and flexbox,INT
Learn about accessibility standards,INT
Read the typescript handbook,INT
Study javascript closures properly,INT
Learn about prototypal inheritance,INT
Study express middleware patterns,INT
Learn about server side rendering,INT
Read the nextjs documentation,INT
Study webpack bundling basics,INT
Learn about tree shaking,INT
Read about code splitting,INT
Study version control workflows,INT
Learn about git bisect,INT
Read the semantic versioning spec,INT
Study code review best practices,INT
Learn about design patterns,INT
Read the refactoring book chapter,INT
Study solid principles today,INT
Learn about domain driven design,INT
Read about hexagonal architecture,INT
Study test driven development,INT
Learn about mocking frameworks,INT
Read the integration testing guide,INT
Study end to end testing,INT
Read about mutation testing,INT
Study static analysis tools,INT
Learn about linting rules,INT
Read the style guide carefully,INT
Prepare notes for tomorrow class,INT
Revise everything before the viva,INT
Make summary of the chapter,INT
Solve the sample paper fully,INT
Attempt the mock test online,INT
Check the answer key after test,INT
Analyse mistakes from last test,INT
Make flashcards for hard topics,INT
Complete anki reps for today,INT
Read two pages of the manual,INT
Watch the tutorial and take notes,INT
Try the code example yourself,INT
Build a small demo project,INT
Fix the bug in my side project,INT
Write documentation for the api,INT
Update the readme with setup steps,INT
Research paper completetion work,INT
Check PR comments on the repo,INT
Review the pull request from team,INT
Investigate why the build is slow,INT
Profile the slow database query,INT
Find out why memory is spiking,INT
Reproduce the reported bug locally,INT
Write a script to automate this,INT
Set up the local dev environment,INT
Migrate the old code to new version,INT
Upgrade the dependency safely,INT
Read the changelog before upgrading,INT
Compare the two library options,INT
Evaluate which database fits better,INT
Write a design doc for the feature,INT
Estimate the effort for this task,INT
Break down the epic into tasks,INT
Trace how the request flows,INT
Draw the architecture on paper,INT
Understand the existing data model,INT
Read through the config files,INT
Learn what this old script does,INT
Figure out the deployment process,INT
Study the monitoring dashboards,INT
Check error logs from yesterday,INT
Analyse the crash report data,INT
Look into the failed job reason,INT
Understand the retry logic here,INT
Study how the sync worker runs,INT
Read about background job design,INT
Learn about worker queue patterns,INT
Study offline first architecture,INT
Learn about conflict resolution,INT
Read the sync algorithm paper,INT
Study crdt basics today,INT
Learn about vector clocks,INT
Study idempotency in apis,INT
Learn about exactly once delivery,INT
Read the transaction isolation levels,INT
Study deadlock prevention methods,INT
Learn about optimistic locking,INT
Read about connection pooling,INT
Study index design for queries,INT
Learn about query execution plans,INT
Read the explain analyze output,INT
Study partitioning strategies today,INT
Learn about materialized views,INT
Read about columnar storage,INT
Study olap versus oltp,INT
Learn about data warehousing,INT
Read the etl pipeline guide,INT
Study stream processing basics,INT
Learn about windowing functions,INT
Read about exactly once semantics,INT
Accept the mistake and move ahead,WIS
Accept what i cannot change,WIS
Adjust the routine that is failing,WIS
Apply for the new passport,WIS
Archive the completed projects,WIS
Audit the expenses of last quarter,WIS
Back up the important files,WIS
Be grateful for small things,WIS
Be honest about what i will not do,WIS
Block the calendar for focus time,WIS
Book the gas cylinder online,WIS
Book the plumber for the leak,WIS
Book the RTO appointment online,WIS
Book the therapy session,WIS
Call the bank about the issue,WIS
Cancel the gym membership properly,WIS
Cancel the subscription i never use,WIS
Cancel the unused cloud storage plan,WIS
Capture the thought in my notes,WIS
Change the old weak passwords,WIS
Check bank statement for wrong charges,WIS
Check credit card statement for errors,WIS
Check goodnotes subscription expiring soon,WIS
Check holding discrepancies in demat,WIS
Check how many hours i wasted,WIS
Check how the investments performed,WIS
Check if all payments are recorded,WIS
Check if that old plan still makes sense,WIS
Check if the EMI got deducted,WIS
Check if the streak is broken,WIS
Check if the trial is ending,WIS
Check last date for the application,WIS
Check progress on my yearly goals,WIS
Check reimbursement refund of 12K,WIS
Check the amazon prime renewal date,WIS
Check the aws billing for the month,WIS
Check the calendar for birthdays,WIS
Check the calendar for next week,WIS
Check the cancellation policy first,WIS
Check the cibil score this month,WIS
Check the fastag balance today,WIS
Check the login activity on email,WIS
Check the pending items from last month,WIS
Check the provident fund balance,WIS
Check the refund status online,WIS
Check the rent agreement renewal,WIS
Check the result announcement date,WIS
Check the savings account balance,WIS
Check the ssl certificate expiry,WIS
Check the stat up setup status,WIS
Check the status of the ticket,WIS
Check the tax saving options left,WIS
Check the terms before subscribing,WIS
Check the warranty on the laptop,WIS
Check visa application status,WIS
Check what the policy actually covers,WIS
Check which subscriptions are auto renewing,WIS
Check which tasks keep getting postponed,WIS
Check who is buying the cycle,WIS
Claim the HRA properly this year,WIS
Claim the warranty on the device,WIS
Clean the study table properly,WIS
Clean up the downloads folder,WIS
Clean up the old todo items,WIS
Clean up the tags in notes,WIS
Clear out the old emails,WIS
Clear the credit card bill fully,WIS
Close the loop on this matter,WIS
Close the tasks that are done,WIS
Collect form 16 from office,WIS
Collect the certificate from college,WIS
Compare prices before buying,WIS
Compare the two insurance policies,WIS
Count my blessings today,WIS
Count the books finished this year,WIS
Cross check the numbers again,WIS
Cut the unnecessary commitments,WIS
Decide on the job offer carefully,WIS
Decide the priority for this month,WIS
Decide the three main tasks today,WIS
Decide whether to buy or rent,WIS
Declutter the wardrobe this weekend,WIS
Delete the apps that waste time,WIS
Delete the old unused apps,WIS
Delete the tasks i will never do,WIS
Dispute the wrong cibil entry,WIS
Dispute the wrong transaction,WIS
Do a digital detox this sunday,WIS
Do a monthly self review,WIS
Do guided meditation tonight,WIS
Do not rush into this choice,WIS
Do the breathing exercise today,WIS
Do the evening prayer properly,WIS
Do the exercise the therapist gave,WIS
Do the important thing first,WIS
Do the morning pages today,WIS
Do the weekly review properly,WIS
Download and count 12 apps,WIS
Enable two factor on all accounts,WIS
Escalate if no response comes,WIS
Estimate the cost before booking,WIS
File the important papers properly,WIS
File the ITR before deadline,WIS
Fill the pending form before deadline,WIS
Find the bill for the phone,WIS
Finish one thing before starting next,WIS
Follow up after one week,WIS
Follow up on the delayed order,WIS
Follow up on the pending refund,WIS
Forgive and let this go,WIS
Gather documents for tax filing,WIS
Get CA confirmation for filing,WIS
Get clarity on this confusion,WIS
Get the vehicle pollution certificate,WIS
Get the water purifier serviced,WIS
Give away the clothes i never wear,WIS
Give myself some quiet time,WIS
Go for a walk without headphones,WIS
Go to the temple this weekend,WIS
Investigate the unknown charge,WIS
Journal about the difficult feeling,WIS
Keep a copy of the id proofs,WIS
Keep a record of my achievements,WIS
Keep a spare key with neighbour,WIS
Keep proof of the complaint,WIS
Keep score of the habit streak,WIS
Keep the documents in one place,WIS
Keep the phone away for an hour,WIS
Keep the tickets in one folder,WIS
Keep track of the promises i made,WIS
Label the storage boxes,WIS
Learn from what went wrong,WIS
Link aadhaar with the pan card,WIS
List the habits i want to drop,WIS
Log the hours worked today,WIS
Look back at the last month honestly,WIS
Maintain the work log properly,WIS
Make a budget for next month,WIS
Make a decision and move on,WIS
Make a folder for all bills,WIS
Make a list of emergency numbers,WIS
Make a list of monthly dues,WIS
Make a list of things to buy,WIS
Make notes from the podcast,WIS
Make the CA payment this week,WIS
Make the todo list for tomorrow,WIS
Mark the habit tracker today,WIS
Match the receipts with statement,WIS
Meditate before starting work,WIS
Merge the duplicate notes,WIS
Move money to the FD account,WIS
Note down all pending payments,WIS
Note down anniversary dates,WIS
Note down sharemarket important points,WIS
Note down the house repairs needed,WIS
Note down the wifi password somewhere,WIS
Note down what i learned today,WIS
Note down what went well today,WIS
Note the app count for record,WIS
Note the appointment date properly,WIS
Note the car service due date,WIS
Note the check in timing,WIS
Note the complaint reference number,WIS
Note the deadline for the form,WIS
Note the domain renewal date,WIS
Note the idea before i forget,WIS
Note the locker rent due date,WIS
Note the time spent on each task,WIS
Note what i should stop doing,WIS
Note where i kept the spare keys,WIS
Notice what triggers my stress,WIS
Organise the cables and chargers,WIS
Organise the google drive folders,WIS
Organise the note taking system,WIS
Pay the electricity bill today,WIS
Pay the EMI before the due date,WIS
Pay the health insurance premium,WIS
Pay the society maintenance charges,WIS
Pay the vehicle insurance renewal,WIS
Pay the water bill before due date,WIS
Plan the budget for the trip,WIS
Plan the day before it starts,WIS
Plan the monthly grocery list,WIS
Plan the next five years roughly,WIS
Plan the week on sunday evening,WIS
Practice mindfulness while walking,WIS
Practice patience with people,WIS
Prioritise what actually matters today,WIS
Process what happened last week,WIS
Protect the time for deep work,WIS
Raise a complaint for the faulty item,WIS
Read a few pages of philosophy,WIS
Read something that makes me think,WIS
Read the agreement before signing,WIS
Read the bhagavad gita chapter,WIS
Read the fine print carefully,WIS
Read the fund factsheet before investing,WIS
Read the refund rules before booking,WIS
Rebalance the portfolio this quarter,WIS
Recharge the metro card before travel,WIS
Recharge the mobile before expiry,WIS
Reconcile the upi transactions,WIS
Record the knox details properly,WIS
Reflect on how the day went,WIS
Reflect on the feedback i received,WIS
Reflect on the mistake i made,WIS
Renew the bike registration,WIS
Renew the driving licence,WIS
Renew the hosting before it expires,WIS
Renew the LIC policy premium,WIS
Renew the newspaper subscription,WIS
Renew the passport before expiry,WIS
Renew the wifi plan this month,WIS
Reorganise my project folders,WIS
Reply to the pending important mails,WIS
Reschedule the meeting i missed,WIS
Research before making the purchase,WIS
Return the product before window closes,WIS
Review if i am on track,WIS
Review my monthly expenses,WIS
Review the domain list i own,WIS
Review the habit data monthly,WIS
Review the mutual fund portfolio,WIS
Review the notes from the book,WIS
Review the old ideas folder,WIS
Review what i finished this week,WIS
Review who has access to my drive,WIS
Revisit the notes from last year,WIS
Say no to things i cannot do,WIS
Say thanks for what i have,WIS
Scan and save important documents,WIS
Schedule the ac servicing,WIS
See which habit is not working,WIS
Sell the old cycle finally,WIS
Set a reminder to check again,WIS
Set reminders for all renewals,WIS
Set the goals for this quarter,WIS
Set up autopay for the bills,WIS
Share the documents with family,WIS
Simplify the daily schedule,WIS
Sit and think without distraction,WIS
Sit quietly for ten minutes,WIS
Sit with the discomfort for a while,WIS
Sleep on this decision tonight,WIS
Sort out the old books,WIS
Sort the inbox to zero,WIS
Spend some time without screens,WIS
Start the monthly SIP properly,WIS
Stay off the phone after ten,WIS
Stop multitasking so much,WIS
Stop overthinking about that thing,WIS
Stop postponing this decision,WIS
Submit the documents to office,WIS
Submit the investment proofs,WIS
Summarise what i read this week,WIS
Take a break from social media,WIS
Take back the cycle thing,WIS
Take time to decide on this,WIS
Talk to owner about rent renewal,WIS
Talk to the counsellor this week,WIS
Tell family where the papers are,WIS
Think about the criticism honestly,WIS
Think about what i discussed in therapy,WIS
Think about what i want this year,WIS
Think about what is draining me,WIS
Think about where i want to be,WIS
Think about why i reacted like that,WIS
Think before reacting next time,WIS
Think properly before taking the loan,WIS
Throw away the useless receipts,WIS
Track how much i read this month,WIS
Track the courier delivery status,WIS
Track the daily screen time,WIS
Track where the money went this month,WIS
Transfer the pf to new account,WIS
Try to see their side also,WIS
Understand before judging someone,WIS
Understand my own pattern here,WIS
Unsubscribe from spam senders,WIS
Unsubscribe from the useless newsletters,WIS
Update address in aadhaar card,WIS
Update the emergency contact list,WIS
Update the expense sheet today,WIS
Update the kyc for mutual fund,WIS
Update the nominee in bank account,WIS
Update the PAN card details,WIS
Update the password manager entries,WIS
Update the personal wiki,WIS
Update the progress chart,WIS
Update the resume with new work,WIS
Verify the discrepancy in the report,WIS
Weigh the pros and cons of shifting,WIS
Write about what is bothering me,WIS
Write down important account details,WIS
Write down my long term plan,WIS
Write down the business idea,WIS
Write down the journal entry,WIS
Write down the meeting decisions,WIS
Write in my diary tonight,WIS
Write three things i am grateful for,WIS
Do guitar finger exercises,DEX
Do shadow boxing technique work,DEX
Do taekwondo form practice,DEX
Do the abacus calculation practice,DEX
Do the acrylic blending practice,DEX
Do the archery aim practice,DEX
Do the audio mixing practice,DEX
Do the balance beam practice,DEX
Do the barber scissor practice,DEX
Do the beatboxing pattern practice,DEX
Do the bike trial technique,DEX
Do the bowling action practice,DEX
Do the brush cutting in practice,DEX
Do the chisel control practice,DEX
Do the chocolate tempering practice,DEX
Do the clarinet finger drill,DEX
Do the cpr technique practice,DEX
Do the crimp grip practice,DEX
Do the crochet chain practice,DEX
Do the cube algorithm practice,DEX
Do the devanagari calligraphy practice,DEX
Do the diving form practice,DEX
Do the djembe hand technique,DEX
Do the dosa spreading practice,DEX
Do the dribbling cone drill,DEX
Do the driving practice in traffic,DEX
Do the figma component practice,DEX
Do the finger spelling practice,DEX
Do the flower arrangement practice,DEX
Do the footwork drill in badminton,DEX
Do the frisbee throw practice,DEX
Do the garnish cutting practice,DEX
Do the gesture drawing exercise,DEX
Do the hair braiding practice,DEX
Do the handwriting improvement practice,DEX
Do the kanjira thumb roll practice,DEX
Do the kathak footwork practice,DEX
Do the kayak paddle practice,DEX
Do the knot tying for fishing,DEX
Do the lighting setup practice,DEX
Do the line art practice,DEX
Do the machine stitching practice,DEX
Do the macrame practice,DEX
Do the macro photography practice,DEX
Do the magic trick practice,DEX
Do the mandolin tremolo practice,DEX
Do the measuring and marking practice,DEX
Do the mehndi cone practice,DEX
Do the microscope slide preparation,DEX
Do the onion chopping practice,DEX
Do the origami crane practice,DEX
Do the paradiddle practice today,DEX
Do the pcb assembly practice,DEX
Do the piano hand coordination drill,DEX
Do the portrait lighting practice,DEX
Do the pottery wheel practice,DEX
Do the puncture repair practice,DEX
Do the rigging practice in blender,DEX
Do the roller skating practice,DEX
Do the salsa turn practice,DEX
Do the slackline balance practice,DEX
Do the snooker cue practice,DEX
Do the soldering practice,DEX
Do the still life sketch,DEX
Do the tabla taal practice,DEX
Do the tadka timing practice,DEX
Do the tambourine rhythm practice,DEX
Do the tennis serve practice,DEX
Do the three point shooting drill,DEX
Do the touch typing drill,DEX
Do the veena practice today,DEX
Do the vim motions practice,DEX
Do the watch repair practice,DEX
Do the wicket keeping drill,DEX
Do the wrestling technique drill,DEX
Do the yoyo trick practice,DEX
Do the zumba routine practice,DEX
Do vocal warm up exercises,DEX
Learn the new dance step,DEX
Learn the new song on guitar,DEX
Play harmonium scales today,DEX
Play the flute scale practice,DEX
Practice badminton smash technique,DEX
Practice ballet barre exercises,DEX
Practice bhangra moves for function,DEX
Practice bharatanatyam adavus,DEX
Practice bowling yorkers today,DEX
Practice cake icing smoothly,DEX
Practice calligraphy strokes daily,DEX
Practice carrom striker aim,DEX
Practice catching in the slips,DEX
Practice charcoal shading,DEX
Practice clay hand building,DEX
Practice coin sleight of hand,DEX
Practice colour grading today,DEX
Practice cricket batting in nets,DEX
Practice cursive writing today,DEX
Practice digital painting in procreate,DEX
Practice drawing hands repeatedly,DEX
Practice flipping the pancake,DEX
Practice football free kicks,DEX
Practice guitar chords for an hour,DEX
Practice hip hop isolation moves,DEX
Practice hockey stick handling,DEX
Practice inking with the pen,DEX
Practice juggling three balls,DEX
Practice kalaripayattu forms,DEX
Practice keyboard with metronome,DEX
Practice knife skills in kitchen,DEX
Practice knitting the purl stitch,DEX
Practice madhubani painting,DEX
Practice oil painting layers,DEX
Practice parallel parking today,DEX
Practice pattern cutting today,DEX
Practice penalty shots today,DEX
Practice piano scales slowly,DEX
Practice plating the dish nicely,DEX
Practice putting on the green,DEX
Practice reverse parking properly,DEX
Practice riding without hands,DEX
Practice rolling round rotis,DEX
Practice rubiks cube speed solving,DEX
Practice sewing a straight seam,DEX
Practice shading techniques,DEX
Practice shooting at the range,DEX
Practice singing sargam daily,DEX
Practice sitar alankar daily,DEX
Practice skateboard ollie,DEX
Practice sketching faces today,DEX
Practice stick fighting technique,DEX
Practice tabla for 20 min,DEX
Practice the 3d modelling topology,DEX
Practice the accordion bellows control,DEX
Practice the animation keyframes,DEX
Practice the arabic calligraphy,DEX
Practice the archery release,DEX
Practice the balloon twisting,DEX
Practice the banjo roll pattern,DEX
Practice the barre chord transition,DEX
Practice the bead work,DEX
Practice the beard trimming,DEX
Practice the bicycle gear tuning,DEX
Practice the bonsai shaping,DEX
Practice the bouldering technique,DEX
Practice the bowling release,DEX
Practice the braille reading,DEX
Practice the cajon patterns,DEX
Practice the camera manual mode,DEX
Practice the card counting drill,DEX
Practice the cello vibrato,DEX
Practice the cocktail shake,DEX
Practice the composition rule,DEX
Practice the copperplate letters,DEX
Practice the crimping technique,DEX
Practice the dance choreography,DEX
Practice the dholak beats,DEX
Practice the difficult taan,DEX
Practice the dovetail joint,DEX
Practice the drilling straight holes,DEX
Practice the drop shot repeatedly,DEX
Practice the drum fill timing,DEX
Practice the drum rudiments,DEX
Practice the embroidery satin stitch,DEX
Practice the engine oil change,DEX
Practice the first aid bandaging,DEX
Practice the fishing cast,DEX
Practice the flip turn,DEX
Practice the gardening pruning,DEX
Practice the gimbal movement,DEX
Practice the handstand against wall,DEX
Practice the hula hoop control,DEX
Practice the ice skating turns,DEX
Practice the ikebana form,DEX
Practice the jab cross combination,DEX
Practice the judo throw technique,DEX
Practice the julienne cut,DEX
Practice the karate kata,DEX
Practice the keyboard shortcuts,DEX
Practice the kite flying control,DEX
Practice the knot tying,DEX
Practice the latte art pour,DEX
Practice the layup technique,DEX
Practice the lock picking,DEX
Practice the long exposure shot,DEX
Practice the makeup blending,DEX
Practice the mandala pattern,DEX
Practice the massage technique,DEX
Practice the mental maths speed,DEX
Practice the metal filing work,DEX
Practice the mouse free workflow,DEX
Practice the mouth organ bends,DEX
Practice the mridangam strokes,DEX
Practice the nadaswaram fingering,DEX
Practice the nail art design,DEX
Practice the number row typing,DEX
Practice the painting roller technique,DEX
Practice the paper folding pattern,DEX
Practice the pen tool in illustrator,DEX
Practice the phone screen replacement,DEX
Practice the ping pong spin serve,DEX
Practice the pipetting accuracy,DEX
Practice the plastering technique,DEX
Practice the raag alaap,DEX
Practice the rangoli design,DEX
Practice the rowing stroke,DEX
Practice the sailing rope work,DEX
Practice the santoor mallet control,DEX
Practice the sign language signs,DEX
Practice the skipping rope tricks,DEX
Practice the soldering iron control,DEX
Practice the sound editing,DEX
Practice the speed reading technique,DEX
Practice the street photography,DEX
Practice the surfing pop up,DEX
Practice the suturing on pad,DEX
Practice the swimming stroke technique,DEX
Practice the texture painting,DEX
Practice the theremin pitch control,DEX
Practice the titration technique,DEX
Practice the topspin forehand,DEX
Practice the trumpet lip slurs,DEX
Practice the video cut timing,DEX
Practice the welding bead,DEX
Practice the whistling tune,DEX
Practice the wok tossing,DEX
Practice the yoga headstand balance,DEX
Practice tying the tie knot,DEX
Practice typing speed for 15 min,DEX
Practice violin bowing technique,DEX
Practice volleyball serving,DEX
Practice watercolour wash technique,DEX
Practice wood carving today,DEX
Record my singing and listen back,DEX
Work on basketball free throws,DEX
Work on boxing footwork drills,DEX
Work on breath control while singing,DEX
Work on my table tennis serve,DEX
Work on reducing typing errors,DEX
Work on the acupressure points,DEX
Work on the backhand technique,DEX
Work on the breathing rhythm while swimming,DEX
Work on the brush control,DEX
Work on the brush lettering,DEX
Work on the cable management,DEX
Work on the card shuffle technique,DEX
Work on the chess piece handling,DEX
Work on the climbing footwork,DEX
Work on the clutch control,DEX
Work on the coffee tamping,DEX
Work on the comic panel layout,DEX
Work on the cover drive,DEX
Work on the cross stitch pattern,DEX
Work on the crow pose form,DEX
Work on the cycling balance,DEX
Work on the dart throwing aim,DEX
Work on the double bass pedal,DEX
Work on the double bass pizzicato,DEX
Work on the double under timing,DEX
Work on the dough kneading,DEX
Work on the drone flying control,DEX
Work on the eyeliner steadiness,DEX
Work on the face painting,DEX
Work on the focus pulling,DEX
Work on the garba steps,DEX
Work on the ghatam technique,DEX
Work on the glazing technique,DEX
Work on the golf swing,DEX
Work on the grafting technique,DEX
Work on the hemming technique,DEX
Work on the injection technique,DEX
Work on the jewellery wire wrapping,DEX
Work on the lab glassware handling,DEX
Work on the laptop disassembly,DEX
Work on the memory palace technique,DEX
Work on the perspective drawing,DEX
Work on the photoshop masking,DEX
Work on the piping bag technique,DEX
Work on the portrait proportions,DEX
Work on the quilling technique,DEX
Work on the sanding technique,DEX
Work on the saxophone embouchure,DEX
Work on the sculpting detail,DEX
Work on the shehnai breath technique,DEX
Work on the shorthand writing,DEX
Work on the slingshot aim,DEX
Work on the snowboard carving,DEX
Work on the spanner handling,DEX
Work on the spike timing,DEX
Work on the spin bowling grip,DEX
Work on the sushi rolling,DEX
Work on the sword form slowly,DEX
Work on the terrarium building,DEX
Work on the throat singing technique,DEX
Work on the tile laying,DEX
Work on the transition editing,DEX
Work on the ukulele strumming pattern,DEX
Work on the voice over timing,DEX
Work on the warli art strokes,DEX
Work on the wiring neatness,DEX
Work on writing neatly,DEX
Call mom in the evening,CHA
Video call with dadi today,CHA
Call papa about house work,CHA
Message cousin about weekend plan,CHA
Call nani and ask her health,CHA
Talk to bhai about exam result,CHA
Ring uncle and thank him,CHA
Call didi about her new job,CHA
Wish chachu happy anniversary today,CHA
Reply to family group chat,CHA
Send photos to family whatsapp group,CHA
Call mom for tommorow plan,CHA
Ask mummy what to bring,CHA
Sit with grandfather and listen,CHA
Plan dinner outing with parents,CHA
Call relatives for diwali wishes,CHA
Wish cousin happy birthdya on call,CHA
Send rakhi wishes to sister,CHA
Invite cousins for house warming,CHA
Talk to parents about job decision,CHA
Call best friend after long time,CHA
Meet frends at cafe evening,CHA
Reply to friend pending msg,CHA
Plan trip call with college group,CHA
Check WA msg from school friends,CHA
Ask friend to join gym,CHA
Catch up call with hostel roommate,CHA
Send birthday wish to childhood friend,CHA
Meet old school friends saturday,CHA
Call friend going through bad phase,CHA
Congratulate friend on new job,CHA
Reply in the trip planning group,CHA
Host movie night at my place,CHA
Invite friends for dinner friday,CHA
Call friend and sort out misunderstanding,CHA
Share good news with close friends,CHA
Text friend about cricket match plan,CHA
Evening walk with neighbour uncle,CHA
Say hi to new neighbour family,CHA
Help neighbour aunty with online form,CHA
Connect with seniors on linked in,CHA
Send connection request to hiring manager,CHA
Reply to linkedin msg from recruiter,CHA
Ask mentor sir for endorsement,CHA
Message alumni working at product company,CHA
Comment on senior linkedin post,CHA
Share my project post on linkedin,CHA
Write linkedin message to team lead,CHA
Follow up with recruiter next week,CHA
Clear all pending linkedin messages tonight,CHA
Ask referral from friend at service company,CHA
Check senior referral status today,CHA
Request referral from my batchmate,CHA
Thank senior for the referal,CHA
Ask ex colleague for referral link,CHA
Message mentor sir about opening in his team,CHA
Ask HR about interview feedback,CHA
Follow up with HR on offer letter,CHA
Call HR and ask joining date,CHA
Negotiate salary with HR on call,CHA
Attend HR round tomorrow morning,CHA
Give mock interview with friend,CHA
Take mock interview of junior,CHA
Practice self intro for interview,CHA
Call interviewer to reschedule slot,CHA
Send thank you mail after interview,CHA
Introduce myself in group discussion round,CHA
Attend walk in drive with friend,CHA
Talk to placement coordinater about drive,CHA
Ask professor sir for recommendation letter,CHA
Contact professor sir about project,CHA
Meet guide ma'am for review,CHA
Ask ma'am doubt after class,CHA
Present project in front of panel,CHA
Explain my idea to review committee,CHA
Talk to HOD sir about certificate,CHA
Meet class teacher about attendance issue,CHA
Give seminar presentation on monday,CHA
Speak in college fest opening,CHA
Host quiz event for juniors,CHA
Slack call with team about release,CHA
Attend daily standup on time,CHA
Take 1:1 with manager this week,CHA
Discuss with manger about leave,CHA
Give demo to client tomorrow,CHA
Present sprint update to team,CHA
Reply to team lead on slack,CHA
Check slack msg from my manager,CHA
Pair program with teammate evening,CHA
Explain the bug fix to reviewer,CHA
Give feedback to junior politely,CHA
Onboard new joinee in team,CHA
Help intern with his first task,CHA
Ask teammate to review my PR,CHA
Thank teammate for helping with deploy,CHA
Say sorry for missing the call,CHA
Talk to manager about work load,CHA
Ask manager for project change,CHA
Discuss appraisal with reporting manager,CHA
Call client and explain the delay,CHA
Join community call in evening,CHA
Speak in the town hall meeting,CHA
Share my learning in team meeting,CHA
Attend meetup of android developers,CHA
Talk to people at tech meetup,CHA
Volunteer at blood donation camp,CHA
Help at temple event with uncles,CHA
Join society cleaning drive sunday,CHA
Talk to society secretary about parking,CHA
Attend society meeting on sunday morning,CHA
Teach python basics to my cousin,CHA
Guide junior about resume writing,CHA
Mentor a fresher on his project,CHA
Explain dsa doubt to classmate,CHA
Take doubt session for juniors,CHA
Help sister with her school project,CHA
Teach mummy how to use upi,CHA
Show papa how to video call,CHA
Give career advice to my cousin,CHA
Answer questions of the new intern,CHA
Plan date night this weekend,CHA
Call her before she sleeps,CHA
Book table for dinner date,CHA
Say sorry for yesterday fight,CHA
Plan surprise for her birthday,CHA
Talk about future plan with her,CHA
Meet her parents this sunday,CHA
Send good morning msg daily,CHA
Plan long drive with her,CHA
Have honest talk about our plans,CHA
Send diwali wishes to all contacts,CHA
Wish holi to office team,CHA
Wish teachers on teachers day,CHA
Send new year wish to mentor sir,CHA
Wish boss on his birthday,CHA
Send eid wishes to college friends,CHA
Call relatives on ganesh chaturthi,CHA
Distribute sweets to the neighbours,CHA
Wish friend on his engagement,CHA
Wish cousin for her exam result,CHA
Reply to wedding invitation from cousin,CHA
Attend friend wedding next month,CHA
Help cousin with wedding shoping,CHA
Confirm my attendance for reception,CHA
Give small speech at friend sangeet,CHA
Book cab for relatives coming tomorrow,CHA
Receive relatives at railway station,CHA
Arrange stay for guests coming home,CHA
Host lunch for relatives on sunday,CHA
Take family photos at the function,CHA
Clear all pending WA msg today,CHA
Reply to the mails from seniors,CHA
Send email to senior about role,CHA
Reply to insta dm from batchmate,CHA
Answer the missed call from uncle,CHA
Call back the person who mesaged yesterday,CHA
Reply to the group about plan,CHA
Send update msg to my team,CHA
Text the cab driver about pickup,CHA
Reply to the mentor mail properly,CHA
Practice my talk in front of mirror,CHA
Give lightning talk at local meetup,CHA
Speak at the college tech fest,CHA
Host online session for juniors,CHA
Anchor the event on annual day,CHA
Record intro video for my app,CHA
Present my app idea to the club,CHA
Pitch my project to the judges,CHA
Thank the organisers on stage,CHA
Do live demo in front of audience,CHA
Cold mail the startup founder,CHA
Ask ex manager for recommendation,CHA
Reply to freelance client query,CHA
Call client for requirement discussion,CHA
Negotiate price with freelance client,CHA
Follow up with client on payment,CHA
Take feedback call with app users,CHA
Reply to play store user review,CHA
Thank the user who reported bug,CHA
Message the open source maintainer about my PR,CHA
Meet mentor sir for coffee,CHA
Take advice call with industry senior,CHA
Ask senior about switching company,CHA
Discuss my roadmap with mentor,CHA
Share progress with accountability partner,CHA
Check in with study group memebers,CHA
Reply on the discord server,CHA
Answer doubt asked in telegram group,CHA
Join whatsapp group of the batch,CHA
Introduce myself in the new community,CHA
Call my mother in the evening and ask about her doctor visit,CHA
Send a proper thank you message to the senior who gave me referral,CHA
Sit with papa tonight and talk about money for the new course,CHA
Message three seniors on linkedin and ask about their interview experience,CHA
Ask my friend to introduce me to his manager for the open role,CHA
Prepare my self introduction and practice it with a friend before HR round,CHA
Write a short thank you mail to the professor who wrote my recommendation,CHA
Call the hostel warden and explain why I need the room for extra days,CHA
Plan a small get together with college friends before everyone shifts city,CHA
Tell my manager honestly that the deadline is not possible for me,CHA
Reply to the wedding group and confirm how many people are coming from our side,CHA
Take out time this weekend and visit my grandparents at the village,CHA
Ask the team lead for a quick call to clear my doubts,CHA
Apologise to my friend for forgetting his birthday last week,CHA
Speak to professor sir after class and ask about the research opening,CHA
Call the recruiter back and ask what the salary range is,CHA
Help my juniors with their resume and review it line by line,CHA
Discuss with my parents about moving to another city for the new job,CHA
Message the alumni group and ask if anyone is hiring android developers,CHA
Talk to my roommate about splitting the electricity bill properly,CHA
Meet the college seniors at the alumni event and collect their contacts,CHA
Call my cousin who just shifted abroad and check how he is settling,CHA
Give a short intro about my app when I meet the club members,CHA
Ask my friend to come with me for the offline interview tomorrow,CHA
Send follow up mail to the intervewer since there is no reply,CHA
Sit with my sister and help her prepare for her viva questions,CHA
Reply to every congratulation message on my new job post,CHA
Ask my mentor sir if he can take a mock interview this weekend,CHA
Call the insurance agent uncle and ask about the policy for parents,CHA
Say thank you to the security uncle who kept my parcel safe,CHA
Ping senior for quick call,CHA
Ask friend for honest feedback,CHA
Share my resume with senior,CHA
Wish team on project completetion,CHA
Reply to manager mail today,CHA
Call papa on the way home,CHA
Meet friend for evening tea,CHA
Talk to mummy about the function,CHA
Message HR for interview slot,CHA
Attend the online alumni session,CHA
Introduce two friends to each other,CHA
Take permission from parents for trip,CHA
Convince papa about the new laptop,CHA
Ask boss for work from home,CHA
Tell team about my leave plan,CHA
Thank the reviewer for his comments,CHA
Reply politely to the rude comment,CHA
Handle the angry client call calmly,CHA
Explain the dealy to my manager,CHA
Give status update to the client,CHA
Discuss the design with designer,CHA
Ask tester to verify my fix,CHA
Sync with backend team on api,CHA
Call the vendor about delivery,CHA
Talk to bank person about loan,CHA
Ask shopkeeper for better rate,CHA
Bargain with auto driver politely,CHA
Talk to gym trainer about plan,CHA
Ask tution teacher about sister progress,CHA
Speak with coach about my practice,CHA
Call friend and plan badminton match,CHA
Invite colleague for lunch outside,CHA
Have tea break chat with teammates,CHA
Join the office fun activity,CHA
Take part in team outing,CHA
Play cricket with society boys,CHA
Call the group and fix time,CHA
Ask friends to come for my birthday,CHA
Cut cake with family at home,CHA
Thank everyone who wished me today,CHA
Update linkedin and message my network,CHA
Reply to the comment on my post,CHA
Ask doubt to speaker after webinar,CHA
Message the youtuber about his course,CHA
Email the author about his book,CHA
Write to the professor for internship,CHA
Send cold email to three startups,CHA
Ask for informational call with product manager,CHA
Reach out to designer for collaboration,CHA
Meet the startup founder at event,CHA
Call old manager and catch up,CHA
Ping ex teammate about company culture,CHA
Ask friend about his new company,CHA
Take reference check call for friend,CHA
Recommend my junior for open role,CHA
Refer my friend in my company,CHA
Share job opening with my batch,CHA
Help friend prepare for his interview,CHA
Review the resume of my classmate,CHA
Give honest feedback on friend portfolio,CHA
Call mummy daily even if busy,CHA
Fix a call with papa,CHA
Visit bua house this weekend,CHA
Take sweets for the office team,CHA
Say good morning to guard uncle,CHA
Call my school teacher and thank her,CHA
Message my first manager on his birthday,CHA
Ask senior how he cracked the switch,CHA
Meet batchmate who came to my city,CHA
Host my friend staying for two days,CHA
Reply to pending mails from college juniors asking about placement preparation,CHA
Call professor sir and ask if he is free for short discussion,CHA
Explain to my parents why I want to work in a startup,CHA
Sit with my friend and listen to his problem without giving advice,CHA
Tell my team in standup that I need help on this ticket,CHA
Ask the senior developer to walk me through the legacy code,CHA
Send a msg to the group and thank everyone for the gift,CHA
Talk to my cousin about her marriage date on call,CHA
Call the travel agent uncle and book tickets for family,CHA
Wish all my colleagues on the last working day,CHA
Add flax seeds to curd,VIT
Add protein to each meal,VIT
Add salad to every meal,VIT
Adjust slowly after travel,VIT
Adjust the chair height properly,VIT
Apply oil to hair weekly,VIT
Apply the ointment twice daily,VIT
Apply the pain balm on back,VIT
Avoid coffee on empty stomach,VIT
Avoid eating at the desk,VIT
Avoid going out in peak sun,VIT
Avoid heavy dinner at night,VIT
Avoid outside food this week,VIT
Avoid the dust exposure,VIT
Avoid the food that causes acidity,VIT
Avoid the heavy food before sleep,VIT
Avoid the high sodium items,VIT
Avoid the junk food this week,VIT
Avoid the maida based food,VIT
Avoid the outdoor in high aqi,VIT
Avoid the packaged food,VIT
Avoid the sweets at function,VIT
Avoid the very spicy food,VIT
Balance the heavy meal next day,VIT
Boil the water before drinking,VIT
Book the dentist appointment,VIT
Book the doctor appointment,VIT
Break the fast properly,VIT
Brush teeth twice daily,VIT
Buy the seasonal fruits,VIT
Buy vegetables for the week,VIT
Carry lunch from home,VIT
Carry medicine while travelling,VIT
Carry water when going out,VIT
Change the air filter,VIT
Change the bedsheet this week,VIT
Change the old lens power,VIT
Change the ro filter,VIT
Change the toothbrush this month,VIT
Check if i slept enough,VIT
Check the air quality today,VIT
Check the blood pressure today,VIT
Check the food expiry dates,VIT
Check the health insurance card,VIT
Check the medicine expiry date,VIT
Check the sudden weight loss,VIT
Check the sugar content,VIT
Check the vaccination schedule,VIT
Check the water quality,VIT
Check the weight monthly,VIT
Check why sleep is disturbed,VIT
Chew the food properly,VIT
Clean the ac filter,VIT
Clean the room for dust allergy,VIT
Collect the test reports,VIT
Complete the antibiotic course fully,VIT
Control the portion at wedding,VIT
Cook dal and rice tonight,VIT
Cook with less spice today,VIT
Cool down properly after heat,VIT
Cover the ears in cold,VIT
Cut caffeine after 6 pm,VIT
Cut down on the sweets,VIT
Cut down the alcohol intake,VIT
Cut down the sugar in tea,VIT
Cut vegetables in advance,VIT
Detox with simple food,VIT
Do gentle stretching in morning,VIT
Do not disturb the body clock,VIT
Do not drink water while eating,VIT
Do not eat after 9 pm,VIT
Do not eat the leftover food,VIT
Do not eat while watching phone,VIT
Do not go office with fever,VIT
Do not have the evening cigarette,VIT
Do not ignore the back pain,VIT
Do not overeat after fasting,VIT
Do not overeat at the function,VIT
Do not sit for 3 hours straight,VIT
Do not skip lunch for work,VIT
Do not skip the breakfast,VIT
Do not skip the medicine,VIT
Do not skip the rest day,VIT
Do not sleep late again,VIT
Do pranayama in the morning,VIT
Do the blood test this week,VIT
Do the breathing exercise for lungs,VIT
Do the desk stretches today,VIT
Do the eye checkup this month,VIT
Do the physio exercises daily,VIT
Do the shoulder rolls hourly,VIT
Do the vitamin d test,VIT
Drink 3 litres water today,VIT
Drink buttermilk after lunch,VIT
Drink jeera water morning,VIT
Drink less at the party,VIT
Drink more water in office,VIT
Drink ors for dehydration,VIT
Drink the wheatgrass shot,VIT
Drink water before the meal,VIT
Drink water first thing morning,VIT
Drink water for clear skin,VIT
Eat 2 fruits every day,VIT
Eat 2 meals minimum today,VIT
Eat at fixed times daily,VIT
Eat balanced during festival,VIT
Eat breakfast before 9 am,VIT
Eat curd for the stomach,VIT
Eat curd with lunch,VIT
Eat dry fruits as snack,VIT
Eat home cooked food today,VIT
Eat jaggery instead of sugar,VIT
Eat more leafy vegetables,VIT
Eat paneer for protein,VIT
Eat slowly and chew properly,VIT
Eat the boiled egg whites,VIT
Eat till 80 percent full,VIT
Fill the cavity before it worsens,VIT
Finish dinner before 8 pm,VIT
Finish the iron tablet course,VIT
Fix the posture while sitting,VIT
Fix the sleep schedule this week,VIT
Floss the teeth at night,VIT
Foam roll the sore legs,VIT
Follow the 20 20 20 rule,VIT
Follow the night skincare routine,VIT
Follow the physiotherapy routine,VIT
Gargle with salt water,VIT
Get 8 hours of sleep,VIT
Get fresh air in the morning,VIT
Get morning sunlight daily,VIT
Get the annual health checkup done,VIT
Get the hearing checked,VIT
Get the lipid profile checked,VIT
Get the mole checked by doctor,VIT
Get the new spectacles made,VIT
Get the organic vegetables,VIT
Get the persistent cough checked,VIT
Get the sugar level checked,VIT
Get the teeth cleaning done,VIT
Get the tetanus shot updated,VIT
Get the thyroid test done,VIT
Get the wisdom tooth checked,VIT
Give rest to the stomach,VIT
Go for a walk in fresh air,VIT
Go for the general checkup,VIT
Go for the physio session,VIT
Have a banana before workout,VIT
Have a light day today,VIT
Have almonds soaked overnight,VIT
Have coconut water in afternoon,VIT
Have dinner with family,VIT
Have eggs in the morning,VIT
Have lemon water in morning,VIT
Have light food when unwell,VIT
Have omega 3 capsule,VIT
Have proper breakfast daily,VIT
Have soup for dinner,VIT
Have sprouts in the morning,VIT
Have the amla juice morning,VIT
Have the chia seeds soaked,VIT
Have the electrolyte drink,VIT
Have the healthy option available,VIT
Have the kadha for cold,VIT
Have the methi water,VIT
Have the protein shake post meal,VIT
Have the ragi porridge morning,VIT
Have warm milk before bed,VIT
Have water between drinks,VIT
Hydrate well during travel,VIT
Ice the swollen ankle,VIT
Include dal in daily meals,VIT
Include green vegetables daily,VIT
Include millets in the diet,VIT
Keep a food diary today,VIT
Keep dinner light and early,VIT
Keep emergency contact handy,VIT
Keep phone away before sleeping,VIT
Keep the fasting window,VIT
Keep the kitchen hygienic,VIT
Keep the laptop at eye level,VIT
Keep the nails trimmed,VIT
Keep the room ventilated,VIT
Keep the sleep routine on weekend,VIT
Keep the water bottle at desk,VIT
Keep warm in the winter,VIT
Listen to the body signals,VIT
Log what i ate today,VIT
Look away from screen every hour,VIT
Maintain the meal timing,VIT
Make simple khichdi for dinner,VIT
Massage the stiff shoulder,VIT
Moisturise the dry skin,VIT
Monitor the body fat percent,VIT
Monitor the energy levels,VIT
No screen one hour before bed,VIT
Note how the body feels,VIT
Note the recurring headache,VIT
Note the waist measurement,VIT
Note the water intake daily,VIT
Open the windows for some time,VIT
Pack the first aid kit,VIT
Pack tiffin for office tomorrow,VIT
Plan the healthy grocery list,VIT
Plan the weekly meal chart,VIT
Practice the deep breathing,VIT
Prep the meals for the week,VIT
Read the food label carefully,VIT
Recover from the jet lag,VIT
Recover well before next week,VIT
Reduce chai to two cups,VIT
Reduce sugar intake this month,VIT
Reduce the cigarettes this week,VIT
Reduce the cold drinks intake,VIT
Reduce the fried food intake,VIT
Reduce the pan masala,VIT
Reduce the portion size,VIT
Reduce the room light at night,VIT
Reduce the salt in cooking,VIT
Reduce the screen brightness,VIT
Refill the medicine from chemist,VIT
Reheat the food properly,VIT
Replace the salt after sweating,VIT
Rest properly instead of pushing,VIT
Rest the injured knee,VIT
Rest till the fever comes down,VIT
See the doctor if it continues,VIT
See the skin doctor for rash,VIT
Set reminder for the tablets,VIT
Show the reports to doctor,VIT
Sit in the sun for 15 min,VIT
Skip the drinks this weekend,VIT
Sleep 7 hrs minimum today,VIT
Sleep before 11 pm tonight,VIT
Sleep in a dark room,VIT
Slow down the eating speed,VIT
Stand up every 30 minutes,VIT
Stay away from tobacco,VIT
Step away from desk to eat,VIT
Stock healthy snacks at home,VIT
Stop drinking soft drinks daily,VIT
Stop eating samosa daily,VIT
Stop late night snacking,VIT
Stop ordering food online daily,VIT
Stop smoking from today,VIT
Stop the fourth coffee today,VIT
Stop the gutkha habit,VIT
Stop the late night scrolling,VIT
Store the food correctly,VIT
Stretch the hamstrings before bed,VIT
Stretch the neck at desk,VIT
Switch to green tea evening,VIT
Switch to the healthier oil,VIT
Take a full day rest,VIT
Take a proper lunch break,VIT
Take a short nap after lunch,VIT
Take a short walk post meal,VIT
Take a walking break at work,VIT
Take bath before going out,VIT
Take breaks from the screen,VIT
Take calcium with dinner,VIT
Take medicine after food only,VIT
Take rest when body says,VIT
Take sick leave and recover,VIT
Take steam for the blocked nose,VIT
Take the afternoon rest today,VIT
Take the allergy medicine,VIT
Take the antacid if needed,VIT
Take the ayurvedic medicine on time,VIT
Take the b12 supplement daily,VIT
Take the flu vaccine,VIT
Take the multivitamin in morning,VIT
Take the probiotic supplement,VIT
Take the vitamin d tablet,VIT
Throw away the junk in fridge,VIT
Track the calories roughly,VIT
Track the migraine triggers,VIT
Track the sleep hours tonight,VIT
Track the weight this week,VIT
Try intermittent fasting today,VIT
Try the anulom vilom today,VIT
Try the turmeric milk night,VIT
Use ghee in moderation,VIT
Use less oil while cooking,VIT
Use sunscreen before going out,VIT
Use the back support cushion,VIT
Use the eye drops daily,VIT
Use the hot water bag,VIT
Use the humidifier at night,VIT
Use the mouthwash regularly,VIT
Use the water purifier,VIT
Wait before lying after food,VIT
Wake up at same time daily,VIT
Walk 100 steps after dinner,VIT
Wash hands before eating,VIT
Wash the hair twice a week,VIT
Wash the pillow cover,VIT
Wash the vegetables properly,VIT
Wear cotton clothes in summer,VIT
Wear the mask in pollution,VIT
